{"cameraMode":{"drawMode":0,"name":"Shaded","section":"Shading Mode"},"sceneLighting":true,"audioPlay":false,"sceneViewState":{"m_AlwaysRefresh":false,"showFog":true,"showSkybox":true,"showFlares":true,"showImageEffects":true,"showParticleSystems":true,"showVisualEffectGraphs":true,"m_FxEnabled":true},"in2DMode":false,"pivot":{"x":42.3161735534668,"y":48.75844192504883,"z":15.771193504333496},"rotation":{"x":-0.13635066151618958,"y":-0.021696312353014947,"z":0.0029870192520320417,"w":-0.9904188513755798},"size":129.02569580078126,"orthographic":false}