{"cameraMode":{"drawMode":0,"name":"Shaded","section":"Shading Mode"},"sceneLighting":true,"audioPlay":false,"sceneViewState":{"m_AlwaysRefresh":false,"showFog":true,"showSkybox":true,"showFlares":true,"showImageEffects":true,"showParticleSystems":true,"showVisualEffectGraphs":true,"m_FxEnabled":true},"in2DMode":false,"pivot":{"x":20.958694458007814,"y":-0.5629020929336548,"z":4.338203430175781},"rotation":{"x":-0.05532505363225937,"y":-0.2584938406944275,"z":0.014830525033175946,"w":-0.9643136858940125},"size":5.708639621734619,"orthographic":false}