{"cameraMode":{"drawMode":0,"name":"Shaded","section":"Shading Mode"},"sceneLighting":true,"audioPlay":false,"sceneViewState":{"m_AlwaysRefresh":false,"showFog":true,"showSkybox":false,"showFlares":true,"showImageEffects":true,"showParticleSystems":true,"showVisualEffectGraphs":true,"m_FxEnabled":true},"in2DMode":false,"pivot":{"x":1.1089999675750733,"y":0.24799999594688416,"z":-0.45700114965438845},"rotation":{"x":-0.0937526524066925,"y":0.8828191161155701,"z":-0.1995575875043869,"w":-0.4147505462169647},"size":1.4818363189697266,"orthographic":false}